--
-- PostgreSQL database dump
--

-- Dumped from database version 16.4
-- Dumped by pg_dump version 16.2

SET statement_timeout = 0;
SET lock_timeout = 0;
SET idle_in_transaction_session_timeout = 0;
SET client_encoding = 'UTF8';
SET standard_conforming_strings = on;
SELECT pg_catalog.set_config('search_path', '', false);
SET check_function_bodies = false;
SET xmloption = content;
SET client_min_messages = warning;
SET row_security = off;

SET default_tablespace = '';

SET default_table_access_method = heap;

--
-- Name: nilai_kuis_per_mapel; Type: TABLE; Schema: public; Owner: postgres
--

CREATE TABLE public.nilai_kuis_per_mapel (
    nilai_kuis integer,
    student_performance_id bigint NOT NULL,
    mata_pelajaran character varying(255) NOT NULL
);


ALTER TABLE public.nilai_kuis_per_mapel OWNER TO postgres;

--
-- Name: nilai_tugas_per_mapel; Type: TABLE; Schema: public; Owner: postgres
--

CREATE TABLE public.nilai_tugas_per_mapel (
    nilai_tugas integer,
    student_performance_id bigint NOT NULL,
    mata_pelajaran character varying(255) NOT NULL
);


ALTER TABLE public.nilai_tugas_per_mapel OWNER TO postgres;

--
-- Name: nilai_ujian_per_mapel; Type: TABLE; Schema: public; Owner: postgres
--

CREATE TABLE public.nilai_ujian_per_mapel (
    nilai_ujian integer,
    student_performance_id bigint NOT NULL,
    mata_pelajaran character varying(255) NOT NULL
);


ALTER TABLE public.nilai_ujian_per_mapel OWNER TO postgres;

--
-- Name: notification; Type: TABLE; Schema: public; Owner: postgres
--

CREATE TABLE public.notification (
    is_read boolean,
    created_at timestamp(6) without time zone NOT NULL,
    deleted_at timestamp(6) without time zone,
    id bigint NOT NULL,
    read_at timestamp(6) without time zone,
    updated_at timestamp(6) without time zone,
    user_id bigint,
    message text,
    title character varying(255),
    type character varying(255)
);


ALTER TABLE public.notification OWNER TO postgres;

--
-- Name: notification_id_seq; Type: SEQUENCE; Schema: public; Owner: postgres
--

ALTER TABLE public.notification ALTER COLUMN id ADD GENERATED BY DEFAULT AS IDENTITY (
    SEQUENCE NAME public.notification_id_seq
    START WITH 1
    INCREMENT BY 1
    NO MINVALUE
    NO MAXVALUE
    CACHE 1
);


--
-- Name: parent; Type: TABLE; Schema: public; Owner: postgres
--

CREATE TABLE public.parent (
    id bigint NOT NULL
);


ALTER TABLE public.parent OWNER TO postgres;

--
-- Name: prediction; Type: TABLE; Schema: public; Owner: postgres
--

CREATE TABLE public.prediction (
    created_at date,
    jumlah_ketidakhadiran integer,
    nilai_akhir integer,
    persentase_tugas integer,
    updated_at date,
    deleted_at timestamp(6) without time zone,
    id bigint NOT NULL,
    siswa_id bigint NOT NULL,
    nama_siswa character varying(255),
    semester_siswa character varying(255),
    status_prediksi character varying(255)
);


ALTER TABLE public.prediction OWNER TO postgres;

--
-- Name: prediction_id_seq; Type: SEQUENCE; Schema: public; Owner: postgres
--

ALTER TABLE public.prediction ALTER COLUMN id ADD GENERATED BY DEFAULT AS IDENTITY (
    SEQUENCE NAME public.prediction_id_seq
    START WITH 1
    INCREMENT BY 1
    NO MINVALUE
    NO MAXVALUE
    CACHE 1
);


--
-- Name: role; Type: TABLE; Schema: public; Owner: postgres
--

CREATE TABLE public.role (
    id bigint NOT NULL,
    role character varying(255) NOT NULL
);


ALTER TABLE public.role OWNER TO postgres;

--
-- Name: role_id_seq; Type: SEQUENCE; Schema: public; Owner: postgres
--

ALTER TABLE public.role ALTER COLUMN id ADD GENERATED BY DEFAULT AS IDENTITY (
    SEQUENCE NAME public.role_id_seq
    START WITH 1
    INCREMENT BY 1
    NO MINVALUE
    NO MAXVALUE
    CACHE 1
);


--
-- Name: student; Type: TABLE; Schema: public; Owner: postgres
--

CREATE TABLE public.student (
    id bigint NOT NULL,
    parent_id bigint,
    kelas character varying(255)
);


ALTER TABLE public.student OWNER TO postgres;

--
-- Name: student_performance; Type: TABLE; Schema: public; Owner: postgres
--

CREATE TABLE public.student_performance (
    jumlah_ketidakhadiran integer,
    nilai_akhir_rata_rata integer,
    persentase_tugas integer,
    submitted_for_prediction boolean,
    created_at timestamp(6) without time zone,
    deleted_at timestamp(6) without time zone,
    id bigint NOT NULL,
    student_id bigint,
    updated_at timestamp(6) without time zone,
    semester character varying(255),
    status_prediksi character varying(255)
);


ALTER TABLE public.student_performance OWNER TO postgres;

--
-- Name: student_performance_id_seq; Type: SEQUENCE; Schema: public; Owner: postgres
--

ALTER TABLE public.student_performance ALTER COLUMN id ADD GENERATED BY DEFAULT AS IDENTITY (
    SEQUENCE NAME public.student_performance_id_seq
    START WITH 1
    INCREMENT BY 1
    NO MINVALUE
    NO MAXVALUE
    CACHE 1
);


--
-- Name: teacher; Type: TABLE; Schema: public; Owner: postgres
--

CREATE TABLE public.teacher (
    id bigint NOT NULL
);


ALTER TABLE public.teacher OWNER TO postgres;

--
-- Name: user_model; Type: TABLE; Schema: public; Owner: postgres
--

CREATE TABLE public.user_model (
    created_at timestamp(6) without time zone NOT NULL,
    deleted_at timestamp(6) without time zone,
    id bigint NOT NULL,
    id_role bigint NOT NULL,
    parent_id bigint,
    updated_at timestamp(6) without time zone NOT NULL,
    user_type character varying(31) NOT NULL,
    email character varying(255) NOT NULL,
    kelas character varying(255),
    name character varying(255) NOT NULL,
    password character varying(255) NOT NULL,
    phone character varying(255) NOT NULL,
    username character varying(255) NOT NULL
);


ALTER TABLE public.user_model OWNER TO postgres;

--
-- Name: user_model_seq; Type: SEQUENCE; Schema: public; Owner: postgres
--

CREATE SEQUENCE public.user_model_seq
    START WITH 1
    INCREMENT BY 50
    NO MINVALUE
    NO MAXVALUE
    CACHE 1;


ALTER SEQUENCE public.user_model_seq OWNER TO postgres;

--
-- Data for Name: nilai_kuis_per_mapel; Type: TABLE DATA; Schema: public; Owner: postgres
--

COPY public.nilai_kuis_per_mapel (nilai_kuis, student_performance_id, mata_pelajaran) FROM stdin;
41	1	Pendidikan Agama
38	1	Pendidikan Pancasila
40	1	Bahasa Inggris
37	1	Bahasa Mandarin
39	1	Matematika (Umum)
42	1	Biologi
38	1	Fisika
41	1	Kimia
40	1	Geografi
45	1	Sejarah
38	1	Sosiologi
45	1	Ekonomi
37	1	Kimia Lanjutan
42	1	Fisika Lanjutan
43	1	Biologi Lanjutan
39	1	Pendidikan Jasmani, Olahraga, dan Kesehatan
41	1	Informatika
42	1	Seni Musik
38	1	Bahasa Indonesia
41	2	Pendidikan Agama
38	2	Pendidikan Pancasila
37	2	Bahasa Inggris
40	2	Bahasa Mandarin
39	2	Matematika (Umum)
42	2	Biologi
38	2	Fisika
115	2	Kimia
42	2	Geografi
55	2	Sejarah
38	2	Sosiologi
55	2	Ekonomi
40	2	Kimia Lanjutan
39	2	Fisika Lanjutan
40	2	Biologi Lanjutan
39	2	Pendidikan Jasmani, Olahraga, dan Kesehatan
41	2	Informatika
39	2	Seni Musik
41	2	Bahasa Indonesia
42	3	Pendidikan Agama
39	3	Pendidikan Pancasila
41	3	Bahasa Inggris
38	3	Bahasa Mandarin
40	3	Matematika (Umum)
37	3	Biologi
39	3	Fisika
41	3	Kimia
42	3	Geografi
67	3	Sejarah
39	3	Sosiologi
67	3	Ekonomi
38	3	Kimia Lanjutan
40	3	Fisika Lanjutan
42	3	Biologi Lanjutan
40	3	Pendidikan Jasmani, Olahraga, dan Kesehatan
42	3	Informatika
40	3	Seni Musik
39	3	Bahasa Indonesia
70	4	Pendidikan Agama
72	4	Pendidikan Pancasila
71	4	Bahasa Inggris
69	4	Bahasa Mandarin
68	4	Matematika (Umum)
70	4	Biologi
71	4	Fisika
72	4	Kimia
69	4	Geografi
33	4	Sejarah
71	4	Sosiologi
33	4	Ekonomi
69	4	Kimia Lanjutan
71	4	Fisika Lanjutan
68	4	Biologi Lanjutan
68	4	Pendidikan Jasmani, Olahraga, dan Kesehatan
70	4	Informatika
71	4	Seni Musik
73	4	Bahasa Indonesia
68	5	Pendidikan Agama
71	5	Pendidikan Pancasila
70	5	Bahasa Inggris
72	5	Bahasa Mandarin
69	5	Matematika (Umum)
71	5	Biologi
70	5	Fisika
73	5	Kimia
68	5	Geografi
46	5	Sejarah
70	5	Sosiologi
46	5	Ekonomi
72	5	Kimia Lanjutan
69	5	Fisika Lanjutan
72	5	Biologi Lanjutan
69	5	Pendidikan Jasmani, Olahraga, dan Kesehatan
68	5	Informatika
69	5	Seni Musik
70	5	Bahasa Indonesia
73	6	Pendidikan Agama
68	6	Pendidikan Pancasila
72	6	Bahasa Inggris
70	6	Bahasa Mandarin
71	6	Matematika (Umum)
69	6	Biologi
72	6	Fisika
70	6	Kimia
73	6	Geografi
78	6	Sejarah
72	6	Sosiologi
78	6	Ekonomi
70	6	Kimia Lanjutan
71	6	Fisika Lanjutan
70	6	Biologi Lanjutan
71	6	Pendidikan Jasmani, Olahraga, dan Kesehatan
73	6	Informatika
71	6	Seni Musik
68	6	Bahasa Indonesia
93	7	Pendidikan Agama
92	7	Pendidikan Pancasila
94	7	Bahasa Inggris
91	7	Bahasa Mandarin
90	7	Matematika (Umum)
93	7	Biologi
92	7	Fisika
94	7	Kimia
91	7	Geografi
99	7	Sejarah
92	7	Sosiologi
99	7	Ekonomi
91	7	Kimia Lanjutan
94	7	Fisika Lanjutan
92	7	Biologi Lanjutan
90	7	Pendidikan Jasmani, Olahraga, dan Kesehatan
93	7	Informatika
94	7	Seni Musik
90	7	Bahasa Indonesia
93	8	Pendidikan Agama
91	8	Pendidikan Pancasila
94	8	Bahasa Inggris
92	8	Bahasa Mandarin
90	8	Matematika (Umum)
93	8	Biologi
91	8	Fisika
94	8	Kimia
158	8	Geografi
65	8	Sejarah
91	8	Sosiologi
65	8	Ekonomi
92	8	Kimia Lanjutan
94	8	Fisika Lanjutan
93	8	Biologi Lanjutan
90	8	Pendidikan Jasmani, Olahraga, dan Kesehatan
93	8	Informatika
94	8	Seni Musik
92	8	Bahasa Indonesia
94	9	Pendidikan Agama
93	9	Pendidikan Pancasila
92	9	Bahasa Inggris
90	9	Bahasa Mandarin
94	9	Matematika (Umum)
93	9	Biologi
92	9	Fisika
94	9	Kimia
93	9	Geografi
44	9	Sejarah
92	9	Sosiologi
44	9	Ekonomi
90	9	Kimia Lanjutan
93	9	Fisika Lanjutan
91	9	Biologi Lanjutan
94	9	Pendidikan Jasmani, Olahraga, dan Kesehatan
94	9	Informatika
93	9	Seni Musik
92	9	Bahasa Indonesia
93	10	Pendidikan Agama
91	10	Pendidikan Pancasila
95	10	Bahasa Inggris
92	10	Bahasa Mandarin
93	10	Matematika (Umum)
91	10	Biologi
95	10	Fisika
92	10	Kimia
161	10	Geografi
34	10	Sejarah
95	10	Sosiologi
34	10	Ekonomi
92	10	Kimia Lanjutan
94	10	Fisika Lanjutan
93	10	Biologi Lanjutan
93	10	Pendidikan Jasmani, Olahraga, dan Kesehatan
93	10	Informatika
94	10	Seni Musik
92	10	Bahasa Indonesia
93	11	Pendidikan Agama
91	11	Pendidikan Pancasila
95	11	Bahasa Inggris
92	11	Bahasa Mandarin
93	11	Matematika (Umum)
91	11	Biologi
95	11	Fisika
92	11	Kimia
161	11	Geografi
34	11	Sejarah
95	11	Sosiologi
34	11	Ekonomi
92	11	Kimia Lanjutan
94	11	Fisika Lanjutan
93	11	Biologi Lanjutan
93	11	Pendidikan Jasmani, Olahraga, dan Kesehatan
93	11	Informatika
94	11	Seni Musik
92	11	Bahasa Indonesia
\.


--
-- Data for Name: nilai_tugas_per_mapel; Type: TABLE DATA; Schema: public; Owner: postgres
--

COPY public.nilai_tugas_per_mapel (nilai_tugas, student_performance_id, mata_pelajaran) FROM stdin;
39	1	Pendidikan Agama
41	1	Pendidikan Pancasila
37	1	Bahasa Inggris
40	1	Bahasa Mandarin
38	1	Matematika (Umum)
42	1	Biologi
39	1	Fisika
37	1	Kimia
41	1	Geografi
40	1	Sejarah
38	1	Sosiologi
43	1	Ekonomi
39	1	Kimia Lanjutan
41	1	Fisika Lanjutan
38	1	Biologi Lanjutan
40	1	Pendidikan Jasmani, Olahraga, dan Kesehatan
37	1	Informatika
42	1	Seni Musik
39	1	Bahasa Indonesia
40	2	Pendidikan Agama
38	2	Pendidikan Pancasila
42	2	Bahasa Inggris
39	2	Bahasa Mandarin
41	2	Matematika (Umum)
37	2	Biologi
40	2	Fisika
38	2	Kimia
42	2	Geografi
39	2	Sejarah
41	2	Sosiologi
40	2	Ekonomi
38	2	Kimia Lanjutan
39	2	Fisika Lanjutan
41	2	Biologi Lanjutan
40	2	Pendidikan Jasmani, Olahraga, dan Kesehatan
38	2	Informatika
39	2	Seni Musik
42	2	Bahasa Indonesia
37	3	Pendidikan Agama
40	3	Pendidikan Pancasila
39	3	Bahasa Inggris
41	3	Bahasa Mandarin
38	3	Matematika (Umum)
42	3	Biologi
37	3	Fisika
40	3	Kimia
39	3	Geografi
41	3	Sejarah
38	3	Sosiologi
42	3	Ekonomi
37	3	Kimia Lanjutan
40	3	Fisika Lanjutan
39	3	Biologi Lanjutan
38	3	Pendidikan Jasmani, Olahraga, dan Kesehatan
41	3	Informatika
40	3	Seni Musik
37	3	Bahasa Indonesia
71	4	Pendidikan Agama
69	4	Pendidikan Pancasila
73	4	Bahasa Inggris
70	4	Bahasa Mandarin
72	4	Matematika (Umum)
68	4	Biologi
71	4	Fisika
69	4	Kimia
73	4	Geografi
70	4	Sejarah
72	4	Sosiologi
68	4	Ekonomi
71	4	Kimia Lanjutan
69	4	Fisika Lanjutan
73	4	Biologi Lanjutan
70	4	Pendidikan Jasmani, Olahraga, dan Kesehatan
72	4	Informatika
71	4	Seni Musik
68	4	Bahasa Indonesia
70	5	Pendidikan Agama
72	5	Pendidikan Pancasila
68	5	Bahasa Inggris
71	5	Bahasa Mandarin
69	5	Matematika (Umum)
73	5	Biologi
70	5	Fisika
72	5	Kimia
69	5	Geografi
71	5	Sejarah
70	5	Sosiologi
72	5	Ekonomi
71	5	Kimia Lanjutan
68	5	Fisika Lanjutan
70	5	Biologi Lanjutan
72	5	Pendidikan Jasmani, Olahraga, dan Kesehatan
71	5	Informatika
69	5	Seni Musik
73	5	Bahasa Indonesia
69	6	Pendidikan Agama
71	6	Pendidikan Pancasila
70	6	Bahasa Inggris
72	6	Bahasa Mandarin
71	6	Matematika (Umum)
68	6	Biologi
73	6	Fisika
70	6	Kimia
72	6	Geografi
69	6	Sejarah
71	6	Sosiologi
70	6	Ekonomi
72	6	Kimia Lanjutan
71	6	Fisika Lanjutan
68	6	Biologi Lanjutan
70	6	Pendidikan Jasmani, Olahraga, dan Kesehatan
72	6	Informatika
71	6	Seni Musik
70	6	Bahasa Indonesia
90	7	Pendidikan Agama
93	7	Pendidikan Pancasila
92	7	Bahasa Inggris
94	7	Bahasa Mandarin
91	7	Matematika (Umum)
90	7	Biologi
93	7	Fisika
92	7	Kimia
94	7	Geografi
91	7	Sejarah
93	7	Sosiologi
92	7	Ekonomi
94	7	Kimia Lanjutan
91	7	Fisika Lanjutan
90	7	Biologi Lanjutan
93	7	Pendidikan Jasmani, Olahraga, dan Kesehatan
92	7	Informatika
94	7	Seni Musik
91	7	Bahasa Indonesia
94	8	Pendidikan Agama
92	8	Pendidikan Pancasila
93	8	Bahasa Inggris
90	8	Bahasa Mandarin
94	8	Matematika (Umum)
92	8	Biologi
91	8	Fisika
93	8	Kimia
90	8	Geografi
94	8	Sejarah
92	8	Sosiologi
93	8	Ekonomi
90	8	Kimia Lanjutan
94	8	Fisika Lanjutan
92	8	Biologi Lanjutan
93	8	Pendidikan Jasmani, Olahraga, dan Kesehatan
91	8	Informatika
94	8	Seni Musik
92	8	Bahasa Indonesia
92	9	Pendidikan Agama
94	9	Pendidikan Pancasila
91	9	Bahasa Inggris
93	9	Bahasa Mandarin
92	9	Matematika (Umum)
94	9	Biologi
93	9	Fisika
91	9	Kimia
94	9	Geografi
92	9	Sejarah
93	9	Sosiologi
91	9	Ekonomi
94	9	Kimia Lanjutan
93	9	Fisika Lanjutan
92	9	Biologi Lanjutan
94	9	Pendidikan Jasmani, Olahraga, dan Kesehatan
91	9	Informatika
93	9	Seni Musik
92	9	Bahasa Indonesia
91	10	Pendidikan Agama
95	10	Pendidikan Pancasila
92	10	Bahasa Inggris
93	10	Bahasa Mandarin
90	10	Matematika (Umum)
94	10	Biologi
92	10	Fisika
93	10	Kimia
91	10	Geografi
94	10	Sejarah
92	10	Sosiologi
93	10	Ekonomi
91	10	Kimia Lanjutan
95	10	Fisika Lanjutan
92	10	Biologi Lanjutan
93	10	Pendidikan Jasmani, Olahraga, dan Kesehatan
91	10	Informatika
94	10	Seni Musik
92	10	Bahasa Indonesia
91	11	Pendidikan Agama
95	11	Pendidikan Pancasila
92	11	Bahasa Inggris
93	11	Bahasa Mandarin
90	11	Matematika (Umum)
94	11	Biologi
92	11	Fisika
93	11	Kimia
91	11	Geografi
94	11	Sejarah
92	11	Sosiologi
93	11	Ekonomi
91	11	Kimia Lanjutan
95	11	Fisika Lanjutan
92	11	Biologi Lanjutan
93	11	Pendidikan Jasmani, Olahraga, dan Kesehatan
91	11	Informatika
94	11	Seni Musik
92	11	Bahasa Indonesia
\.


--
-- Data for Name: nilai_ujian_per_mapel; Type: TABLE DATA; Schema: public; Owner: postgres
--

COPY public.nilai_ujian_per_mapel (nilai_ujian, student_performance_id, mata_pelajaran) FROM stdin;
42	1	Pendidikan Agama
38	1	Pendidikan Pancasila
45	1	Bahasa Inggris
40	1	Bahasa Mandarin
39	1	Matematika (Umum)
41	1	Biologi
43	1	Fisika
37	1	Kimia
40	1	Geografi
42	1	Sejarah
38	1	Sosiologi
39	1	Ekonomi
44	1	Kimia Lanjutan
36	1	Fisika Lanjutan
41	1	Biologi Lanjutan
43	1	Pendidikan Jasmani, Olahraga, dan Kesehatan
40	1	Informatika
38	1	Seni Musik
42	1	Bahasa Indonesia
45	2	Pendidikan Agama
39	2	Pendidikan Pancasila
38	2	Bahasa Inggris
42	2	Bahasa Mandarin
40	2	Matematika (Umum)
37	2	Biologi
41	2	Fisika
43	2	Kimia
38	2	Geografi
41	2	Sejarah
39	2	Sosiologi
40	2	Ekonomi
42	2	Kimia Lanjutan
37	2	Fisika Lanjutan
38	2	Biologi Lanjutan
44	2	Pendidikan Jasmani, Olahraga, dan Kesehatan
39	2	Informatika
41	2	Seni Musik
37	2	Bahasa Indonesia
40	3	Pendidikan Agama
43	3	Pendidikan Pancasila
39	3	Bahasa Inggris
37	3	Bahasa Mandarin
42	3	Matematika (Umum)
38	3	Biologi
40	3	Fisika
41	3	Kimia
39	3	Geografi
37	3	Sejarah
42	3	Sosiologi
38	3	Ekonomi
41	3	Kimia Lanjutan
39	3	Fisika Lanjutan
37	3	Biologi Lanjutan
40	3	Pendidikan Jasmani, Olahraga, dan Kesehatan
42	3	Informatika
38	3	Seni Musik
41	3	Bahasa Indonesia
72	4	Pendidikan Agama
68	4	Pendidikan Pancasila
75	4	Bahasa Inggris
70	4	Bahasa Mandarin
71	4	Matematika (Umum)
69	4	Biologi
73	4	Fisika
70	4	Kimia
68	4	Geografi
72	4	Sejarah
71	4	Sosiologi
70	4	Ekonomi
73	4	Kimia Lanjutan
69	4	Fisika Lanjutan
68	4	Biologi Lanjutan
74	4	Pendidikan Jasmani, Olahraga, dan Kesehatan
70	4	Informatika
72	4	Seni Musik
68	4	Bahasa Indonesia
70	5	Pendidikan Agama
73	5	Pendidikan Pancasila
68	5	Bahasa Inggris
72	5	Bahasa Mandarin
69	5	Matematika (Umum)
71	5	Biologi
70	5	Fisika
72	5	Kimia
71	5	Geografi
68	5	Sejarah
72	5	Sosiologi
69	5	Ekonomi
70	5	Kimia Lanjutan
73	5	Fisika Lanjutan
71	5	Biologi Lanjutan
68	5	Pendidikan Jasmani, Olahraga, dan Kesehatan
72	5	Informatika
69	5	Seni Musik
71	5	Bahasa Indonesia
71	6	Pendidikan Agama
70	6	Pendidikan Pancasila
72	6	Bahasa Inggris
68	6	Bahasa Mandarin
73	6	Matematika (Umum)
70	6	Biologi
69	6	Fisika
71	6	Kimia
72	6	Geografi
70	6	Sejarah
68	6	Sosiologi
73	6	Ekonomi
71	6	Kimia Lanjutan
70	6	Fisika Lanjutan
72	6	Biologi Lanjutan
69	6	Pendidikan Jasmani, Olahraga, dan Kesehatan
71	6	Informatika
70	6	Seni Musik
72	6	Bahasa Indonesia
92	7	Pendidikan Agama
94	7	Pendidikan Pancasila
90	7	Bahasa Inggris
93	7	Bahasa Mandarin
91	7	Matematika (Umum)
95	7	Biologi
89	7	Fisika
94	7	Kimia
92	7	Geografi
93	7	Sejarah
90	7	Sosiologi
94	7	Ekonomi
91	7	Kimia Lanjutan
95	7	Fisika Lanjutan
89	7	Biologi Lanjutan
92	7	Pendidikan Jasmani, Olahraga, dan Kesehatan
93	7	Informatika
91	7	Seni Musik
94	7	Bahasa Indonesia
93	8	Pendidikan Agama
91	8	Pendidikan Pancasila
94	8	Bahasa Inggris
92	8	Bahasa Mandarin
90	8	Matematika (Umum)
93	8	Biologi
92	8	Fisika
95	8	Kimia
91	8	Geografi
94	8	Sejarah
92	8	Sosiologi
90	8	Ekonomi
93	8	Kimia Lanjutan
91	8	Fisika Lanjutan
94	8	Biologi Lanjutan
92	8	Pendidikan Jasmani, Olahraga, dan Kesehatan
90	8	Informatika
93	8	Seni Musik
91	8	Bahasa Indonesia
91	9	Pendidikan Agama
93	9	Pendidikan Pancasila
92	9	Bahasa Inggris
94	9	Bahasa Mandarin
93	9	Matematika (Umum)
90	9	Biologi
94	9	Fisika
92	9	Kimia
93	9	Geografi
91	9	Sejarah
94	9	Sosiologi
93	9	Ekonomi
90	9	Kimia Lanjutan
94	9	Fisika Lanjutan
92	9	Biologi Lanjutan
93	9	Pendidikan Jasmani, Olahraga, dan Kesehatan
91	9	Informatika
94	9	Seni Musik
93	9	Bahasa Indonesia
94	10	Pendidikan Agama
92	10	Pendidikan Pancasila
93	10	Bahasa Inggris
91	10	Bahasa Mandarin
95	10	Matematika (Umum)
92	10	Biologi
93	10	Fisika
90	10	Kimia
94	10	Geografi
92	10	Sejarah
93	10	Sosiologi
91	10	Ekonomi
94	10	Kimia Lanjutan
92	10	Fisika Lanjutan
93	10	Biologi Lanjutan
91	10	Pendidikan Jasmani, Olahraga, dan Kesehatan
94	10	Informatika
92	10	Seni Musik
93	10	Bahasa Indonesia
94	11	Pendidikan Agama
92	11	Pendidikan Pancasila
93	11	Bahasa Inggris
91	11	Bahasa Mandarin
95	11	Matematika (Umum)
92	11	Biologi
93	11	Fisika
90	11	Kimia
94	11	Geografi
92	11	Sejarah
93	11	Sosiologi
91	11	Ekonomi
94	11	Kimia Lanjutan
92	11	Fisika Lanjutan
93	11	Biologi Lanjutan
91	11	Pendidikan Jasmani, Olahraga, dan Kesehatan
94	11	Informatika
92	11	Seni Musik
93	11	Bahasa Indonesia
\.


--
-- Data for Name: notification; Type: TABLE DATA; Schema: public; Owner: postgres
--

COPY public.notification (is_read, created_at, deleted_at, id, read_at, updated_at, user_id, message, title, type) FROM stdin;
f	2025-06-12 01:57:18.868	\N	1	\N	2025-06-12 01:57:18.867	15	Performa Anda diprediksi akan tetap stabil. Cobalah tantangan baru untuk meningkatkan hasil belajar Anda!	≡ƒôè Prediksi Performa Anda	WARNING
f	2025-06-12 01:57:18.895	\N	2	\N	2025-06-12 01:57:18.895	3	Siswa Budi Santoso (Semester 0) memiliki prediksi performa:\nStatus: Stable Performance\nNilai Akhir: 40.00\nKetidakhadiran: 15\nPersentase Tugas: 50%\n\nSilakan tinjau dan berikan intervensi jika diperlukan.	≡ƒôè Prediksi Performa Siswa: Budi Santoso	WARNING
f	2025-06-12 01:57:19.158	\N	3	\N	2025-06-12 01:57:19.157	16	Performa Anda diprediksi akan tetap stabil. Cobalah tantangan baru untuk meningkatkan hasil belajar Anda!	≡ƒôè Prediksi Performa Anda	WARNING
f	2025-06-12 01:57:19.174	\N	4	\N	2025-06-12 01:57:19.173	3	Siswa Andi Wijaya (Semester 0) memiliki prediksi performa:\nStatus: Stable Performance\nNilai Akhir: 41.00\nKetidakhadiran: 13\nPersentase Tugas: 60%\n\nSilakan tinjau dan berikan intervensi jika diperlukan.	≡ƒôè Prediksi Performa Siswa: Andi Wijaya	WARNING
f	2025-06-12 01:57:19.428	\N	5	\N	2025-06-12 01:57:19.427	17	Performa Anda diprediksi akan tetap stabil. Cobalah tantangan baru untuk meningkatkan hasil belajar Anda!	≡ƒôè Prediksi Performa Anda	WARNING
f	2025-06-12 01:57:19.438	\N	6	\N	2025-06-12 01:57:19.437	3	Siswa Sari Melati (Semester 0) memiliki prediksi performa:\nStatus: Stable Performance\nNilai Akhir: 40.00\nKetidakhadiran: 21\nPersentase Tugas: 45%\n\nSilakan tinjau dan berikan intervensi jika diperlukan.	≡ƒôè Prediksi Performa Siswa: Sari Melati	WARNING
f	2025-06-12 01:57:19.703	\N	7	\N	2025-06-12 01:57:19.702	18	Performa Anda diprediksi akan menurun. Silakan konsultasikan dengan guru atau orang tua untuk bantuan.	≡ƒôè Prediksi Performa Anda	ERROR
f	2025-06-12 01:57:19.718	\N	8	\N	2025-06-12 01:57:19.718	3	Siswa Dewi Lestari (Semester 0) memiliki prediksi performa:\nStatus: Significant Decrease Performance\nNilai Akhir: 69.00\nKetidakhadiran: 22\nPersentase Tugas: 90%\n\nSilakan tinjau dan berikan intervensi jika diperlukan.	≡ƒôè Prediksi Performa Siswa: Dewi Lestari	ERROR
f	2025-06-12 01:57:20.001	\N	9	\N	2025-06-12 01:57:20	19	Performa Anda diprediksi akan menurun. Silakan konsultasikan dengan guru atau orang tua untuk bantuan.	≡ƒôè Prediksi Performa Anda	ERROR
f	2025-06-12 01:57:20.013	\N	10	\N	2025-06-12 01:57:20.013	3	Siswa Rian Pratama (Semester 0) memiliki prediksi performa:\nStatus: Significant Decrease Performance\nNilai Akhir: 69.00\nKetidakhadiran: 43\nPersentase Tugas: 78%\n\nSilakan tinjau dan berikan intervensi jika diperlukan.	≡ƒôè Prediksi Performa Siswa: Rian Pratama	ERROR
f	2025-06-12 01:57:20.356	\N	11	\N	2025-06-12 01:57:20.356	20	Performa Anda diprediksi akan menurun. Silakan konsultasikan dengan guru atau orang tua untuk bantuan.	≡ƒôè Prediksi Performa Anda	ERROR
f	2025-06-12 01:57:20.372	\N	12	\N	2025-06-12 01:57:20.372	3	Siswa Tina Sari (Semester 0) memiliki prediksi performa:\nStatus: Significant Decrease Performance\nNilai Akhir: 71.00\nKetidakhadiran: 30\nPersentase Tugas: 56%\n\nSilakan tinjau dan berikan intervensi jika diperlukan.	≡ƒôè Prediksi Performa Siswa: Tina Sari	ERROR
f	2025-06-12 01:57:20.645	\N	13	\N	2025-06-12 01:57:20.645	21	Performa Anda diprediksi akan menurun. Silakan konsultasikan dengan guru atau orang tua untuk bantuan.	≡ƒôè Prediksi Performa Anda	ERROR
f	2025-06-12 01:57:20.661	\N	14	\N	2025-06-12 01:57:20.661	3	Siswa Agus Salim (Semester 0) memiliki prediksi performa:\nStatus: Significant Decrease Performance\nNilai Akhir: 92.00\nKetidakhadiran: 12\nPersentase Tugas: 55%\n\nSilakan tinjau dan berikan intervensi jika diperlukan.	≡ƒôè Prediksi Performa Siswa: Agus Salim	ERROR
f	2025-06-12 01:57:20.937	\N	15	\N	2025-06-12 01:57:20.936	22	Performa Anda diprediksi akan menurun. Silakan konsultasikan dengan guru atau orang tua untuk bantuan.	≡ƒôè Prediksi Performa Anda	ERROR
f	2025-06-12 01:57:20.957	\N	16	\N	2025-06-12 01:57:20.957	3	Siswa Lisa Putri (Semester 0) memiliki prediksi performa:\nStatus: Significant Decrease Performance\nNilai Akhir: 92.00\nKetidakhadiran: 10\nPersentase Tugas: 89%\n\nSilakan tinjau dan berikan intervensi jika diperlukan.	≡ƒôè Prediksi Performa Siswa: Lisa Putri	ERROR
f	2025-06-12 01:57:21.23	\N	17	\N	2025-06-12 01:57:21.23	23	Performa Anda diprediksi akan menurun. Silakan konsultasikan dengan guru atau orang tua untuk bantuan.	≡ƒôè Prediksi Performa Anda	ERROR
f	2025-06-12 01:57:21.242	\N	18	\N	2025-06-12 01:57:21.242	3	Siswa Rina Dewi (Semester 0) memiliki prediksi performa:\nStatus: Significant Decrease Performance\nNilai Akhir: 90.00\nKetidakhadiran: 4\nPersentase Tugas: 80%\n\nSilakan tinjau dan berikan intervensi jika diperlukan.	≡ƒôè Prediksi Performa Siswa: Rina Dewi	ERROR
f	2025-06-12 01:57:21.506	\N	19	\N	2025-06-12 01:57:21.506	24	Performa Anda diprediksi akan menurun. Silakan konsultasikan dengan guru atau orang tua untuk bantuan.	≡ƒôè Prediksi Performa Anda	ERROR
f	2025-06-12 01:57:21.522	\N	20	\N	2025-06-12 01:57:21.521	3	Siswa Eka Saputra (Semester 0) memiliki prediksi performa:\nStatus: Significant Decrease Performance\nNilai Akhir: 92.00\nKetidakhadiran: 9\nPersentase Tugas: 78%\n\nSilakan tinjau dan berikan intervensi jika diperlukan.	≡ƒôè Prediksi Performa Siswa: Eka Saputra	ERROR
f	2025-06-12 01:57:21.795	\N	21	\N	2025-06-12 01:57:21.794	2	Performa Anda diprediksi akan menurun. Silakan konsultasikan dengan guru atau orang tua untuk bantuan.	≡ƒôè Prediksi Performa Anda	ERROR
f	2025-06-12 01:57:21.803	\N	22	\N	2025-06-12 01:57:21.803	4	Anak Anda, Rini Student, diprediksi akan mengalami penurunan performa. Silakan berkoordinasi dengan guru untuk strategi pendampingan.	≡ƒôè Prediksi Performa Rini Student	ERROR
f	2025-06-12 01:57:21.816	\N	23	\N	2025-06-12 01:57:21.816	3	Siswa Rini Student (Semester 0) memiliki prediksi performa:\nStatus: Significant Decrease Performance\nNilai Akhir: 92.00\nKetidakhadiran: 9\nPersentase Tugas: 78%\n\nSilakan tinjau dan berikan intervensi jika diperlukan.	≡ƒôè Prediksi Performa Siswa: Rini Student	ERROR
f	2025-06-12 01:57:22.104	\N	24	\N	2025-06-12 01:57:22.103	15	Performa Anda diprediksi akan tetap stabil. Cobalah tantangan baru untuk meningkatkan hasil belajar Anda!	≡ƒôè Prediksi Performa Anda	WARNING
f	2025-06-12 01:57:22.118	\N	25	\N	2025-06-12 01:57:22.118	3	Siswa Budi Santoso (Semester 0) memiliki prediksi performa:\nStatus: Stable Performance\nNilai Akhir: 40.00\nKetidakhadiran: 15\nPersentase Tugas: 50%\n\nSilakan tinjau dan berikan intervensi jika diperlukan.	≡ƒôè Prediksi Performa Siswa: Budi Santoso	WARNING
f	2025-06-12 01:57:22.381	\N	26	\N	2025-06-12 01:57:22.381	16	Performa Anda diprediksi akan tetap stabil. Cobalah tantangan baru untuk meningkatkan hasil belajar Anda!	≡ƒôè Prediksi Performa Anda	WARNING
f	2025-06-12 01:57:22.395	\N	27	\N	2025-06-12 01:57:22.395	3	Siswa Andi Wijaya (Semester 0) memiliki prediksi performa:\nStatus: Stable Performance\nNilai Akhir: 41.00\nKetidakhadiran: 13\nPersentase Tugas: 60%\n\nSilakan tinjau dan berikan intervensi jika diperlukan.	≡ƒôè Prediksi Performa Siswa: Andi Wijaya	WARNING
f	2025-06-12 01:57:22.664	\N	28	\N	2025-06-12 01:57:22.663	17	Performa Anda diprediksi akan tetap stabil. Cobalah tantangan baru untuk meningkatkan hasil belajar Anda!	≡ƒôè Prediksi Performa Anda	WARNING
f	2025-06-12 01:57:22.676	\N	29	\N	2025-06-12 01:57:22.676	3	Siswa Sari Melati (Semester 0) memiliki prediksi performa:\nStatus: Stable Performance\nNilai Akhir: 40.00\nKetidakhadiran: 21\nPersentase Tugas: 45%\n\nSilakan tinjau dan berikan intervensi jika diperlukan.	≡ƒôè Prediksi Performa Siswa: Sari Melati	WARNING
f	2025-06-12 01:57:22.928	\N	30	\N	2025-06-12 01:57:22.928	18	Performa Anda diprediksi akan menurun. Silakan konsultasikan dengan guru atau orang tua untuk bantuan.	≡ƒôè Prediksi Performa Anda	ERROR
f	2025-06-12 01:57:22.943	\N	31	\N	2025-06-12 01:57:22.943	3	Siswa Dewi Lestari (Semester 0) memiliki prediksi performa:\nStatus: Significant Decrease Performance\nNilai Akhir: 69.00\nKetidakhadiran: 22\nPersentase Tugas: 90%\n\nSilakan tinjau dan berikan intervensi jika diperlukan.	≡ƒôè Prediksi Performa Siswa: Dewi Lestari	ERROR
f	2025-06-12 01:57:23.211	\N	32	\N	2025-06-12 01:57:23.21	19	Performa Anda diprediksi akan menurun. Silakan konsultasikan dengan guru atau orang tua untuk bantuan.	≡ƒôè Prediksi Performa Anda	ERROR
f	2025-06-12 01:57:23.225	\N	33	\N	2025-06-12 01:57:23.225	3	Siswa Rian Pratama (Semester 0) memiliki prediksi performa:\nStatus: Significant Decrease Performance\nNilai Akhir: 69.00\nKetidakhadiran: 43\nPersentase Tugas: 78%\n\nSilakan tinjau dan berikan intervensi jika diperlukan.	≡ƒôè Prediksi Performa Siswa: Rian Pratama	ERROR
f	2025-06-12 01:57:23.508	\N	34	\N	2025-06-12 01:57:23.506	20	Performa Anda diprediksi akan menurun. Silakan konsultasikan dengan guru atau orang tua untuk bantuan.	≡ƒôè Prediksi Performa Anda	ERROR
f	2025-06-12 01:57:23.539	\N	35	\N	2025-06-12 01:57:23.538	3	Siswa Tina Sari (Semester 0) memiliki prediksi performa:\nStatus: Significant Decrease Performance\nNilai Akhir: 71.00\nKetidakhadiran: 30\nPersentase Tugas: 56%\n\nSilakan tinjau dan berikan intervensi jika diperlukan.	≡ƒôè Prediksi Performa Siswa: Tina Sari	ERROR
f	2025-06-12 01:57:23.808	\N	36	\N	2025-06-12 01:57:23.808	21	Performa Anda diprediksi akan menurun. Silakan konsultasikan dengan guru atau orang tua untuk bantuan.	≡ƒôè Prediksi Performa Anda	ERROR
f	2025-06-12 01:57:23.821	\N	37	\N	2025-06-12 01:57:23.821	3	Siswa Agus Salim (Semester 0) memiliki prediksi performa:\nStatus: Significant Decrease Performance\nNilai Akhir: 92.00\nKetidakhadiran: 12\nPersentase Tugas: 55%\n\nSilakan tinjau dan berikan intervensi jika diperlukan.	≡ƒôè Prediksi Performa Siswa: Agus Salim	ERROR
f	2025-06-12 01:57:24.082	\N	38	\N	2025-06-12 01:57:24.082	22	Performa Anda diprediksi akan menurun. Silakan konsultasikan dengan guru atau orang tua untuk bantuan.	≡ƒôè Prediksi Performa Anda	ERROR
f	2025-06-12 01:57:24.094	\N	39	\N	2025-06-12 01:57:24.094	3	Siswa Lisa Putri (Semester 0) memiliki prediksi performa:\nStatus: Significant Decrease Performance\nNilai Akhir: 92.00\nKetidakhadiran: 10\nPersentase Tugas: 89%\n\nSilakan tinjau dan berikan intervensi jika diperlukan.	≡ƒôè Prediksi Performa Siswa: Lisa Putri	ERROR
f	2025-06-12 01:57:24.339	\N	40	\N	2025-06-12 01:57:24.339	23	Performa Anda diprediksi akan menurun. Silakan konsultasikan dengan guru atau orang tua untuk bantuan.	≡ƒôè Prediksi Performa Anda	ERROR
f	2025-06-12 01:57:24.35	\N	41	\N	2025-06-12 01:57:24.35	3	Siswa Rina Dewi (Semester 0) memiliki prediksi performa:\nStatus: Significant Decrease Performance\nNilai Akhir: 90.00\nKetidakhadiran: 4\nPersentase Tugas: 80%\n\nSilakan tinjau dan berikan intervensi jika diperlukan.	≡ƒôè Prediksi Performa Siswa: Rina Dewi	ERROR
f	2025-06-12 01:57:24.609	\N	42	\N	2025-06-12 01:57:24.608	24	Performa Anda diprediksi akan menurun. Silakan konsultasikan dengan guru atau orang tua untuk bantuan.	≡ƒôè Prediksi Performa Anda	ERROR
f	2025-06-12 01:57:24.629	\N	43	\N	2025-06-12 01:57:24.629	3	Siswa Eka Saputra (Semester 0) memiliki prediksi performa:\nStatus: Significant Decrease Performance\nNilai Akhir: 92.00\nKetidakhadiran: 9\nPersentase Tugas: 78%\n\nSilakan tinjau dan berikan intervensi jika diperlukan.	≡ƒôè Prediksi Performa Siswa: Eka Saputra	ERROR
f	2025-06-12 01:57:24.887	\N	44	\N	2025-06-12 01:57:24.887	2	Performa Anda diprediksi akan menurun. Silakan konsultasikan dengan guru atau orang tua untuk bantuan.	≡ƒôè Prediksi Performa Anda	ERROR
f	2025-06-12 01:57:24.895	\N	45	\N	2025-06-12 01:57:24.894	4	Anak Anda, Rini Student, diprediksi akan mengalami penurunan performa. Silakan berkoordinasi dengan guru untuk strategi pendampingan.	≡ƒôè Prediksi Performa Rini Student	ERROR
f	2025-06-12 01:57:24.908	\N	46	\N	2025-06-12 01:57:24.907	3	Siswa Rini Student (Semester 0) memiliki prediksi performa:\nStatus: Significant Decrease Performance\nNilai Akhir: 92.00\nKetidakhadiran: 9\nPersentase Tugas: 78%\n\nSilakan tinjau dan berikan intervensi jika diperlukan.	≡ƒôè Prediksi Performa Siswa: Rini Student	ERROR
\.


--
-- Data for Name: parent; Type: TABLE DATA; Schema: public; Owner: postgres
--

COPY public.parent (id) FROM stdin;
\.


--
-- Data for Name: prediction; Type: TABLE DATA; Schema: public; Owner: postgres
--

COPY public.prediction (created_at, jumlah_ketidakhadiran, nilai_akhir, persentase_tugas, updated_at, deleted_at, id, siswa_id, nama_siswa, semester_siswa, status_prediksi) FROM stdin;
2025-06-12	15	40	50	\N	\N	1	15	Budi Santoso	Ganjil	Stable Performance
2025-06-12	13	41	60	\N	\N	2	16	Andi Wijaya	Ganjil	Stable Performance
2025-06-12	21	40	45	\N	\N	3	17	Sari Melati	Ganjil	Stable Performance
2025-06-12	22	69	90	\N	\N	4	18	Dewi Lestari	Ganjil	Significant Decrease Performance
2025-06-12	43	69	78	\N	\N	5	19	Rian Pratama	Ganjil	Significant Decrease Performance
2025-06-12	30	71	56	\N	\N	6	20	Tina Sari	Ganjil	Significant Decrease Performance
2025-06-12	12	92	55	\N	\N	7	21	Agus Salim	Ganjil	Significant Decrease Performance
2025-06-12	10	92	89	\N	\N	8	22	Lisa Putri	Ganjil	Significant Decrease Performance
2025-06-12	4	90	80	\N	\N	9	23	Rina Dewi	Ganjil	Significant Decrease Performance
2025-06-12	9	92	78	\N	\N	10	24	Eka Saputra	Ganjil	Significant Decrease Performance
2025-06-12	9	92	78	\N	\N	11	2	Rini Student	Ganjil	Significant Decrease Performance
2025-06-12	15	40	50	\N	\N	12	15	Budi Santoso	Ganjil	Stable Performance
2025-06-12	13	41	60	\N	\N	13	16	Andi Wijaya	Ganjil	Stable Performance
2025-06-12	21	40	45	\N	\N	14	17	Sari Melati	Ganjil	Stable Performance
2025-06-12	22	69	90	\N	\N	15	18	Dewi Lestari	Ganjil	Significant Decrease Performance
2025-06-12	43	69	78	\N	\N	16	19	Rian Pratama	Ganjil	Significant Decrease Performance
2025-06-12	30	71	56	\N	\N	17	20	Tina Sari	Ganjil	Significant Decrease Performance
2025-06-12	12	92	55	\N	\N	18	21	Agus Salim	Ganjil	Significant Decrease Performance
2025-06-12	10	92	89	\N	\N	19	22	Lisa Putri	Ganjil	Significant Decrease Performance
2025-06-12	4	90	80	\N	\N	20	23	Rina Dewi	Ganjil	Significant Decrease Performance
2025-06-12	9	92	78	\N	\N	21	24	Eka Saputra	Ganjil	Significant Decrease Performance
2025-06-12	9	92	78	\N	\N	22	2	Rini Student	Ganjil	Significant Decrease Performance
\.


--
-- Data for Name: role; Type: TABLE DATA; Schema: public; Owner: postgres
--

COPY public.role (id, role) FROM stdin;
1	ADMIN
2	STUDENT
3	TEACHER
4	PARENT
\.


--
-- Data for Name: student; Type: TABLE DATA; Schema: public; Owner: postgres
--

COPY public.student (id, parent_id, kelas) FROM stdin;
\.


--
-- Data for Name: student_performance; Type: TABLE DATA; Schema: public; Owner: postgres
--

COPY public.student_performance (jumlah_ketidakhadiran, nilai_akhir_rata_rata, persentase_tugas, submitted_for_prediction, created_at, deleted_at, id, student_id, updated_at, semester, status_prediksi) FROM stdin;
15	40	50	t	2025-06-12 01:57:13.928	\N	1	15	2025-06-12 01:57:13.868	Ganjil	Stable Performance
13	41	60	t	2025-06-12 01:57:13.947	\N	2	16	2025-06-12 01:57:13.874	Ganjil	Stable Performance
21	40	45	t	2025-06-12 01:57:13.951	\N	3	17	2025-06-12 01:57:13.88	Ganjil	Stable Performance
22	69	90	t	2025-06-12 01:57:13.955	\N	4	18	2025-06-12 01:57:13.885	Ganjil	Significant Decrease Performance
43	69	78	t	2025-06-12 01:57:13.959	\N	5	19	2025-06-12 01:57:13.889	Ganjil	Significant Decrease Performance
30	71	56	t	2025-06-12 01:57:13.962	\N	6	20	2025-06-12 01:57:13.895	Ganjil	Significant Decrease Performance
12	92	55	t	2025-06-12 01:57:13.967	\N	7	21	2025-06-12 01:57:13.9	Ganjil	Significant Decrease Performance
10	92	89	t	2025-06-12 01:57:13.971	\N	8	22	2025-06-12 01:57:13.905	Ganjil	Significant Decrease Performance
4	90	80	t	2025-06-12 01:57:13.974	\N	9	23	2025-06-12 01:57:13.91	Ganjil	Significant Decrease Performance
9	92	78	t	2025-06-12 01:57:13.977	\N	10	24	2025-06-12 01:57:13.917	Ganjil	Significant Decrease Performance
9	92	78	t	2025-06-12 01:57:13.981	\N	11	2	2025-06-12 01:57:13.923	Ganjil	Significant Decrease Performance
\.


--
-- Data for Name: teacher; Type: TABLE DATA; Schema: public; Owner: postgres
--

COPY public.teacher (id) FROM stdin;
\.


--
-- Data for Name: user_model; Type: TABLE DATA; Schema: public; Owner: postgres
--

COPY public.user_model (created_at, deleted_at, id, id_role, parent_id, updated_at, user_type, email, kelas, name, password, phone, username) FROM stdin;
2025-06-12 01:56:22.754	\N	1	1	\N	2025-06-12 01:56:22.754	UserModel	bprasetyo21@outlook.com	\N	Admin Budi	$2a$10$ZS1Wazi1wJxvZXCZWHXF6eVzGFerYNrlf1G0jJq.aicDVF2YZcLdm	081234567890	admin_budi
2025-06-12 01:56:23.131	\N	3	3	\N	2025-06-12 01:56:23.131	TEACHER	budi.teacher@example.com	\N	Budi Teacher	$2a$10$03bQpSYSFgib9vK.LQzfSukZJ6N8vOEMPLI.EaE9iGiudXaux430m	081234567896	teacher_budi
2025-06-12 01:56:23.001	\N	2	2	4	2025-06-12 01:56:23.334	STUDENT	rini.student@example.com	XI	Rini Student	$2a$10$gvGI3CCZuaJS.boqXoCRquyNFMQN3scjUeeyPyMXDEuYWP0I0y67u	081234567895	student_rini
2025-06-12 01:56:35.065	\N	5	4	\N	2025-06-12 01:56:35.065	PARENT	parentBudi@example.com	\N	parentBudi	$2a$10$qRPXx7Ls6sNyGOao1wV4Qem/WSeq/dnxizGBdKAKUo8CvETWzW91W	82111111111	parentBudi
2025-06-12 01:56:35.149	\N	6	4	\N	2025-06-12 01:56:35.149	PARENT	parentAndi@example.com	\N	parentAndi	$2a$10$Ti/3l5rjouYqvPwvwv0DKuMXOtxYiz6vXSt5zDzTEnf09Zk1.02eO	82222222222	parentAndi
2025-06-12 01:56:35.23	\N	7	4	\N	2025-06-12 01:56:35.23	PARENT	parentSari@example.com	\N	parentSari	$2a$10$cgvnKahU8LkxyGNiiOOtVuPHvqZE.qCfcgMKKhNC4qAoSvNXlpOr6	82333333333	parentSari
2025-06-12 01:56:35.31	\N	8	4	\N	2025-06-12 01:56:35.31	PARENT	parentDewi@example.com	\N	parentDewi	$2a$10$Mr0evHOkCoK.ATHAeCbJfeIwtosxagLvcpOoCaLWy6.XDJjniBg3m	82444444444	parentDewi
2025-06-12 01:56:35.396	\N	9	4	\N	2025-06-12 01:56:35.396	PARENT	parentRian@example.com	\N	parentRian	$2a$10$cHSomOwuh12axrDKA1w2RumpJbhFsUjFFFJvk45kQbJHcrbKs4iZu	82555555555	parentRian
2025-06-12 01:56:35.483	\N	10	4	\N	2025-06-12 01:56:35.483	PARENT	parentTina@example.com	\N	parentTina	$2a$10$9ZiCRHHOJSk29cnQ20uqluddrocPUi/VcdxnvmUElDwC8mMw4ScIm	82666666666	parentTina
2025-06-12 01:56:35.566	\N	11	4	\N	2025-06-12 01:56:35.566	PARENT	parentAgus@example.com	\N	parentAgus	$2a$10$xw4vc5pTkfnrSMREMcRFKeFZ8mA.8xCJJJjpOPy5sfuC0coRbhcO2	82777777777	parentAgus
2025-06-12 01:56:35.654	\N	12	4	\N	2025-06-12 01:56:35.654	PARENT	parentLisa@example.com	\N	parentLisa	$2a$10$VU3CaDbNBQg3e.cvcAG9SecFFL9GOowrDP4oAYsNXaxKgff1e3DI2	82888888888	parentLisa
2025-06-12 01:56:35.741	\N	13	4	\N	2025-06-12 01:56:35.741	PARENT	parentRina@example.com	\N	parentRina	$2a$10$Oi8j4vHNCY0/RJF0/ene1eo0syEeqpzcstSvdmxHHasOU2LMsNnpK	82999999999	parentRina
2025-06-12 01:56:35.826	\N	14	4	\N	2025-06-12 01:56:35.826	PARENT	parentEka@example.com	\N	parentEka	$2a$10$ch7Lqp8j6dhUCpXkg2EwIez9uh34VYNQUu.G8Csx.Hz1G51EWCSv2	82000000000	parentEka
2025-06-12 01:56:35.912	\N	15	2	\N	2025-06-12 01:56:35.912	STUDENT	budi@example.com	\N	Budi Santoso	$2a$10$WZ5Z43Gx1SmXJu3NZwKV/uuDKLeG2qKyTbXTyMoqOYharQ/B9WJFm	81234567890	budi123
2025-06-12 01:56:35.999	\N	16	2	\N	2025-06-12 01:56:35.999	STUDENT	andi@example.com	\N	Andi Wijaya	$2a$10$lQdic3pQVPsSEnr/3vtk7eYERbaF7PrMHhzwCMBdCH4Q8aQCelLSi	81234567891	andi234
2025-06-12 01:56:36.09	\N	17	2	\N	2025-06-12 01:56:36.09	STUDENT	sari@example.com	\N	Sari Melati	$2a$10$J/avJdYtuTWuvTm1npElj./tZ7WGtdGmR7RI4XF4Pf0fdRP5DL2tK	81234567892	sari345
2025-06-12 01:56:36.177	\N	18	2	\N	2025-06-12 01:56:36.177	STUDENT	dewi@example.com	\N	Dewi Lestari	$2a$10$HL9Wb40qx9o/yfR4gPNd3eH4JLUZmrDJJebE2Xz1nLAPFgPu2amFm	81234567893	dewi456
2025-06-12 01:56:36.261	\N	19	2	\N	2025-06-12 01:56:36.261	STUDENT	rian@example.com	\N	Rian Pratama	$2a$10$ne3/jqJshud.C0kODBdbKOURdoGErhXjbNMn2KxSt4r6dHzcgITyC	81234567894	rian567
2025-06-12 01:56:36.342	\N	20	2	\N	2025-06-12 01:56:36.342	STUDENT	tina@example.com	\N	Tina Sari	$2a$10$rOxsm5pq05zDp1awUylHn.IQOlleS9tMr1oP4pdMtWqSeD5TRdZom	81234567895	tina678
2025-06-12 01:56:36.429	\N	21	2	\N	2025-06-12 01:56:36.429	STUDENT	agus@example.com	\N	Agus Salim	$2a$10$3I9ihc06Dz/.lC1nMSy6PuSsG5gz7yreDeg3rfFRJHHph1AH9BIsu	81234567896	agus789
2025-06-12 01:56:36.51	\N	22	2	\N	2025-06-12 01:56:36.51	STUDENT	lisa@example.com	\N	Lisa Putri	$2a$10$hZTFyjSh5w5O82RS5eh3Ye3qkOa6lcHV1pSjrst/SokzZYo/Pmmtu	81234567897	lisa890
2025-06-12 01:56:36.593	\N	23	2	\N	2025-06-12 01:56:36.593	STUDENT	rina@example.com	\N	Rina Dewi	$2a$10$DhRmy1vDwR0ubgQm400eFuCMG9GWjc5LmGPwkbp6g.w4NGBthjStu	81234567898	rina901
2025-06-12 01:56:36.681	\N	24	2	\N	2025-06-12 01:56:36.681	STUDENT	eka@example.com	\N	Eka Saputra	$2a$10$4zeKPP8XUTyoplbvwQfq5OY3zOM6nEd1wmX/2vnVTF.lSNvTeA2P.	81234567899	eka012
2025-06-12 01:56:23.256	\N	4	4	\N	2025-06-12 01:56:36.704	PARENT	ani.parent@example.com	\N	Ani Parent	$2a$10$wpoypYHYL0c5kEJvZdhSReLH3M9V3b/pglW1TxovE58LGafKEVjp2	081234567897	parent_ani
\.


--
-- Name: notification_id_seq; Type: SEQUENCE SET; Schema: public; Owner: postgres
--

SELECT pg_catalog.setval('public.notification_id_seq', 46, true);


--
-- Name: prediction_id_seq; Type: SEQUENCE SET; Schema: public; Owner: postgres
--

SELECT pg_catalog.setval('public.prediction_id_seq', 22, true);


--
-- Name: role_id_seq; Type: SEQUENCE SET; Schema: public; Owner: postgres
--

SELECT pg_catalog.setval('public.role_id_seq', 4, true);


--
-- Name: student_performance_id_seq; Type: SEQUENCE SET; Schema: public; Owner: postgres
--

SELECT pg_catalog.setval('public.student_performance_id_seq', 11, true);


--
-- Name: user_model_seq; Type: SEQUENCE SET; Schema: public; Owner: postgres
--

SELECT pg_catalog.setval('public.user_model_seq', 51, true);


--
-- Name: nilai_kuis_per_mapel nilai_kuis_per_mapel_pkey; Type: CONSTRAINT; Schema: public; Owner: postgres
--

ALTER TABLE ONLY public.nilai_kuis_per_mapel
    ADD CONSTRAINT nilai_kuis_per_mapel_pkey PRIMARY KEY (student_performance_id, mata_pelajaran);


--
-- Name: nilai_tugas_per_mapel nilai_tugas_per_mapel_pkey; Type: CONSTRAINT; Schema: public; Owner: postgres
--

ALTER TABLE ONLY public.nilai_tugas_per_mapel
    ADD CONSTRAINT nilai_tugas_per_mapel_pkey PRIMARY KEY (student_performance_id, mata_pelajaran);


--
-- Name: nilai_ujian_per_mapel nilai_ujian_per_mapel_pkey; Type: CONSTRAINT; Schema: public; Owner: postgres
--

ALTER TABLE ONLY public.nilai_ujian_per_mapel
    ADD CONSTRAINT nilai_ujian_per_mapel_pkey PRIMARY KEY (student_performance_id, mata_pelajaran);


--
-- Name: notification notification_pkey; Type: CONSTRAINT; Schema: public; Owner: postgres
--

ALTER TABLE ONLY public.notification
    ADD CONSTRAINT notification_pkey PRIMARY KEY (id);


--
-- Name: parent parent_pkey; Type: CONSTRAINT; Schema: public; Owner: postgres
--

ALTER TABLE ONLY public.parent
    ADD CONSTRAINT parent_pkey PRIMARY KEY (id);


--
-- Name: prediction prediction_pkey; Type: CONSTRAINT; Schema: public; Owner: postgres
--

ALTER TABLE ONLY public.prediction
    ADD CONSTRAINT prediction_pkey PRIMARY KEY (id);


--
-- Name: role role_pkey; Type: CONSTRAINT; Schema: public; Owner: postgres
--

ALTER TABLE ONLY public.role
    ADD CONSTRAINT role_pkey PRIMARY KEY (id);


--
-- Name: student_performance student_performance_pkey; Type: CONSTRAINT; Schema: public; Owner: postgres
--

ALTER TABLE ONLY public.student_performance
    ADD CONSTRAINT student_performance_pkey PRIMARY KEY (id);


--
-- Name: student student_pkey; Type: CONSTRAINT; Schema: public; Owner: postgres
--

ALTER TABLE ONLY public.student
    ADD CONSTRAINT student_pkey PRIMARY KEY (id);


--
-- Name: teacher teacher_pkey; Type: CONSTRAINT; Schema: public; Owner: postgres
--

ALTER TABLE ONLY public.teacher
    ADD CONSTRAINT teacher_pkey PRIMARY KEY (id);


--
-- Name: user_model user_model_email_key; Type: CONSTRAINT; Schema: public; Owner: postgres
--

ALTER TABLE ONLY public.user_model
    ADD CONSTRAINT user_model_email_key UNIQUE (email);


--
-- Name: user_model user_model_phone_key; Type: CONSTRAINT; Schema: public; Owner: postgres
--

ALTER TABLE ONLY public.user_model
    ADD CONSTRAINT user_model_phone_key UNIQUE (phone);


--
-- Name: user_model user_model_pkey; Type: CONSTRAINT; Schema: public; Owner: postgres
--

ALTER TABLE ONLY public.user_model
    ADD CONSTRAINT user_model_pkey PRIMARY KEY (id);


--
-- Name: user_model user_model_username_key; Type: CONSTRAINT; Schema: public; Owner: postgres
--

ALTER TABLE ONLY public.user_model
    ADD CONSTRAINT user_model_username_key UNIQUE (username);


--
-- Name: user_model fk8d6cpxflocv5695d65gnwhsl0; Type: FK CONSTRAINT; Schema: public; Owner: postgres
--

ALTER TABLE ONLY public.user_model
    ADD CONSTRAINT fk8d6cpxflocv5695d65gnwhsl0 FOREIGN KEY (parent_id) REFERENCES public.user_model(id);


--
-- Name: student_performance fk98ktioxbft58e6ig0rrmypdey; Type: FK CONSTRAINT; Schema: public; Owner: postgres
--

ALTER TABLE ONLY public.student_performance
    ADD CONSTRAINT fk98ktioxbft58e6ig0rrmypdey FOREIGN KEY (student_id) REFERENCES public.user_model(id);


--
-- Name: nilai_tugas_per_mapel fk9mi66x7rkvmwyj0dxvyv9f9y4; Type: FK CONSTRAINT; Schema: public; Owner: postgres
--

ALTER TABLE ONLY public.nilai_tugas_per_mapel
    ADD CONSTRAINT fk9mi66x7rkvmwyj0dxvyv9f9y4 FOREIGN KEY (student_performance_id) REFERENCES public.student_performance(id);


--
-- Name: nilai_kuis_per_mapel fkcygwupxg8c9qbpw3f5kbkwe6r; Type: FK CONSTRAINT; Schema: public; Owner: postgres
--

ALTER TABLE ONLY public.nilai_kuis_per_mapel
    ADD CONSTRAINT fkcygwupxg8c9qbpw3f5kbkwe6r FOREIGN KEY (student_performance_id) REFERENCES public.student_performance(id);


--
-- Name: user_model fkgrgd53qi4atdj5692ichk9mo8; Type: FK CONSTRAINT; Schema: public; Owner: postgres
--

ALTER TABLE ONLY public.user_model
    ADD CONSTRAINT fkgrgd53qi4atdj5692ichk9mo8 FOREIGN KEY (id_role) REFERENCES public.role(id) ON DELETE CASCADE;


--
-- Name: nilai_ujian_per_mapel fkls84gs6x6w0lio0b8l038jsdv; Type: FK CONSTRAINT; Schema: public; Owner: postgres
--

ALTER TABLE ONLY public.nilai_ujian_per_mapel
    ADD CONSTRAINT fkls84gs6x6w0lio0b8l038jsdv FOREIGN KEY (student_performance_id) REFERENCES public.student_performance(id);


--
-- Name: student fkqqq09m02bgrk47qoe6fs3ht4w; Type: FK CONSTRAINT; Schema: public; Owner: postgres
--

ALTER TABLE ONLY public.student
    ADD CONSTRAINT fkqqq09m02bgrk47qoe6fs3ht4w FOREIGN KEY (parent_id) REFERENCES public.parent(id);


--
-- PostgreSQL database dump complete
--

